,Accession,Module,Description,Phos,Sequence,Genes,Mouse Kinase,MySequence
222,C0HKD8;C0HKD9,29,"Microfibrillar-associated protein 1A;Microfibrillar-associated protein 1B, org=Mus musculus",No,GAFFMDEDEEVYKR,Mfap1a;Mfap1b,False,GAFFMDEDEEVYKR
277,E9Q1P8,29,"Interferon regulatory factor 2-binding protein 2, org=Mus musculus",No,DLLLQPPPQLGHAGAEAAR,Irf2bp2,False,DLLLQPPPQLGHAGAEAAR
484,O09106,29,"Histone deacetylase 1, org=Mus musculus",No,SIRPDNMSEYSK,Hdac1,False,SIRPDNMSEYSK
659,O54724,29,"Caveolae-associated protein 1, org=Mus musculus",No,ATEMVEVGPEDDEVGAERGEATDLLR,Cavin1,False,ATEMVEVGPEDDEVGAERGEATDLLR
672,O54784,29,"Death-associated protein kinase 3, org=Mus musculus",No,MTIAQSLEHSWIK,Dapk3,True,MTIAQSLEHSWIK
687,O54879,29,"High mobility group protein B3, org=Mus musculus",No,LGEMWNNLSDNEKQPYVTK,Hmgb3,False,LGEMWNNLSDNEKQPYVTK
1092,P01942,29,"Hemoglobin subunit alpha, org=Mus musculus",Yes,VADALASAAGHLDDLPGALs*ALS*DLHAHK,Hba,False,DLPGALs*ALSDLHA
1093,P01942,29,"Hemoglobin subunit alpha, org=Mus musculus",Yes,VADALASAAGHLDDLPGALs*ALS*DLHAHK,Hba,False,GALSALS*DLHAHKL
1094,P01942,29,"Hemoglobin subunit alpha, org=Mus musculus",Yes,VADALAs*AAGHLDDLPGALSALSDLHAHKLR,Hba,False,VADALAs*AAGHLDD
1095,P01942,29,"Hemoglobin subunit alpha, org=Mus musculus",Yes,VADALASAAGHLDDLPGALs*ALSDLHAHKLR,Hba,False,DLPGALs*ALSDLHA
1096,P01942,29,"Hemoglobin subunit alpha, org=Mus musculus",No,TYFPHFDVSHGSAQVK,Hba,False,TYFPHFDVSHGSAQVK
1097,P02088,29,"Hemoglobin subunit beta-1, org=Mus musculus",No,LLVVYPWTQR,Hbb-b1,False,LLVVYPWTQR
1445,P13864,29,"DNA (cytosine-5)-methyltransferase 1, org=Mus musculus",No,FFGNILDR,Dnmt1,False,FFGNILDR
1723,P23198,29,"Chromobox protein homolog 3, org=Mus musculus",Yes,SLs*DSESDDSKSK,Cbx3,False,TKRKSLS*DSESDDS
1724,P23198,29,"Chromobox protein homolog 3, org=Mus musculus",Yes,SLs*DSESDDSK,Cbx3,False,TKRKSLS*DSESDDS
1725,P23198,29,"Chromobox protein homolog 3, org=Mus musculus",No,KVEEAEPEEFVVEK,Cbx3,False,KVEEAEPEEFVVEK
1758,P24788,29,"Cyclin-dependent kinase 11B, org=Mus musculus",No,VGDFGLAR,Cdk11b,False,VGDFGLAR
1783,P26369,29,"Splicing factor U2AF 65 kDa subunit, org=Mus musculus",Yes,s*DFDEFER,U2af2,False,*DFDEFER
1784,P26369,29,"Splicing factor U2AF 65 kDa subunit, org=Mus musculus",Yes,GAKEEHGGLIRs*PR,U2af2,False,HGGLIRs*PRPVDGV
1785,P26369,29,"Splicing factor U2AF 65 kDa subunit, org=Mus musculus",No,SVDETTQAMAFDGIIFQGQSLK,U2af2,False,SVDETTQAMAFDGIIFQGQSLK
1830,P28352,29,"DNA-(apurinic or apyrimidinic site) endonuclease, org=Mus musculus",No,QGFGELLQAVPLADSFR,Apex1,False,QGFGELLQAVPLADSFR
2026,P38532,29,"Heat shock factor protein 1, org=Mus musculus",No,MDLAVGPGAAGPSNVPAFLTK,Hsf1,False,MDLAVGPGAAGPSNVPAFLTK
2110,P45481,29,"Histone lysine acetyltransferase CREBBP, org=Mus musculus",No,FVDSGEMSESFPYR,Crebbp,False,FVDSGEMSESFPYR
2235,P49817,29,"Caveolin-1, org=Mus musculus",No,YVDSEGHLYTVPIR,Cav1,False,YVDSEGHLYTVPIR
2355,P54254,29,"Ataxin-1, org=Mus musculus",No,SQLEAYSTLLANMGSLSQAPGHKVEPPPQQHLSR,Atxn1,False,SQLEAYSTLLANMGSLSQAPGHKVEPPPQQHLSR
2434,P56873,29,"Protein ZNRD2, org=Mus musculus",No,LMGDYLLR,Znrd2,False,LMGDYLLR
2550,P60762,29,"Mortality factor 4-like protein 1, org=Mus musculus",No,YVDTNLQK,Morf4l1,False,YVDTNLQK
2619,P61965,29,"WD repeat-containing protein 5, org=Mus musculus",No,IWDVSSGK,Wdr5,False,IWDVSSGK
2622,P61969,29,"LIM domain transcription factor LMO4, org=Mus musculus",No,VNPGSSSQPPPVTAGSLSWKR,Lmo4,False,VNPGSSSQPPPVTAGSLSWKR
2657,P62309,29,"Small nuclear ribonucleoprotein G, org=Mus musculus",No,GNSIIMLEALERV,Snrpg,False,GNSIIMLEALERV
2778,P63084,29,"Protein S100-A5, org=Mus musculus",No,ALTTMVTTFHK,S100a5,False,ALTTMVTTFHK
2790,P63139,29,"Nuclear transcription factor Y subunit beta, org=Mus musculus",No,NAIPQTGK,Nfyb,False,NAIPQTGK
2796,P63166,29,"Small ubiquitin-related modifier 1, org=Mus musculus",Yes,s*DQEAKPSTEDLGDKK,Sumo1,False,*DQEAKPS
2797,P63166,29,"Small ubiquitin-related modifier 1, org=Mus musculus",No,FLFEGQR,Sumo1,False,FLFEGQR
2798,P63168,29,"Dynein light chain 1, cytoplasmic, org=Mus musculus",No,YNIEKDIAAHIK,Dynll1,False,YNIEKDIAAHIK
2923,P70353,29,"Nuclear transcription factor Y subunit gamma, org=Mus musculus",No,VQELPLAR,Nfyc,False,VQELPLAR
2960,P70662,29,"LIM domain-binding protein 1, org=Mus musculus",No,MVAPPAEPAR,Ldb1,False,MVAPPAEPAR
3020,P84104,29,"Serine/arginine-rich splicing factor 3, org=Mus musculus",Yes,ERs*LS*RER,Srsf3,False,DRRRERS*LSRERNH
3021,P84104,29,"Serine/arginine-rich splicing factor 3, org=Mus musculus",Yes,ERs*LS*RER,Srsf3,False,RRERSLS*RERNHKP
3022,P84104,29,"Serine/arginine-rich splicing factor 3, org=Mus musculus",No,AFGYYGPLR,Srsf3,False,AFGYYGPLR
3146,P97863,29,"Nuclear factor 1 B-type, org=Mus musculus",No,SGVFNVSELVR,Nfib,False,SGVFNVSELVR
3181,Q00519,29,"Xanthine dehydrogenase/oxidase, org=Mus musculus",No,ITYEDLPAIITIQDAIK,Xdh,False,ITYEDLPAIITIQDAIK
3231,Q02614,29,"SAP30-binding protein, org=Mus musculus",No,TTVISAVGTIVK,Sap30bp,False,TTVISAVGTIVK
3338,Q08879,29,"Fibulin-1, org=Mus musculus",No,AGFYFDGISR,Fbln1,False,AGFYFDGISR
3340,Q08943,29,"FACT complex subunit SSRP1, org=Mus musculus",Yes,EGINPGYDDYADs*DEDQHDAYLER,Ssrp1,False,YDDYADs*DEDQHDA
3341,Q08943,29,"FACT complex subunit SSRP1, org=Mus musculus",Yes,GLKEGINPGYDDYADs*DEDQHDAYLER,Ssrp1,False,YDDYADs*DEDQHDA
3342,Q08943,29,"FACT complex subunit SSRP1, org=Mus musculus",No,AETLEFNDIFQEVK,Ssrp1,False,AETLEFNDIFQEVK
3409,Q1HFZ0,29,"RNA cytosine C(5)-methyltransferase NSUN2, org=Mus musculus",No,MMGLEVLGEK,Nsun2,False,MMGLEVLGEK
3546,Q3TSG4,29,"RNA demethylase ALKBH5, org=Mus musculus",No,ILEMDKEENRR,Alkbh5,False,ILEMDKEENRR
3563,Q3TWW8,29,"Serine/arginine-rich splicing factor 6, org=Mus musculus",No,LLEIDLK,Srsf6,False,LLEIDLK
3814,Q3UQA7,29,"Selenoprotein H, org=Mus musculus",No,HAAALSQALQLEAPELPVQVNPSKPR,Selenoh,False,HAAALSQALQLEAPELPVQVNPSKPR
3978,Q52KI8,29,"Serine/arginine repetitive matrix protein 1, org=Mus musculus",Yes,APQTSs*PPPVR,Srrm1,False,RAPQTSS*PPPVRRG
3979,Q52KI8,29,"Serine/arginine repetitive matrix protein 1, org=Mus musculus",Yes,WQs*PVTK,Srrm1,False,MGKRWQS*PVTKSSR
3980,Q52KI8,29,"Serine/arginine repetitive matrix protein 1, org=Mus musculus",Yes,KVELs*ESEEDKGSK,Srrm1,False,PRKVELS*ESEEDKG
3981,Q52KI8,29,"Serine/arginine repetitive matrix protein 1, org=Mus musculus",Yes,KVELs*ES*EEDKGSK,Srrm1,False,PRKVELS*ESEEDKG
3982,Q52KI8,29,"Serine/arginine repetitive matrix protein 1, org=Mus musculus",Yes,KVELs*ES*EEDKGSK,Srrm1,False,KVELSES*EEDKGSK
3983,Q52KI8,29,"Serine/arginine repetitive matrix protein 1, org=Mus musculus",Yes,EKs*PELPEPSVR,Srrm1,False,PEKKEKS*PELPEPS
3984,Q52KI8,29,"Serine/arginine repetitive matrix protein 1, org=Mus musculus",Yes,KEt*ESEAEDDNLDDLER,Srrm1,False,PEPRKET*ESEAEDD
3985,Q52KI8,29,"Serine/arginine repetitive matrix protein 1, org=Mus musculus",Yes,KETEs*EAEDDNLDDLER,Srrm1,False,PRKETES*EAEDDNL
3986,Q52KI8,29,"Serine/arginine repetitive matrix protein 1, org=Mus musculus",Yes,KEt*ES*EAEDDNLDDLER,Srrm1,False,PEPRKET*ESEAEDD
3987,Q52KI8,29,"Serine/arginine repetitive matrix protein 1, org=Mus musculus",Yes,KEt*ES*EAEDDNLDDLER,Srrm1,False,PRKETES*EAEDDNL
3988,Q52KI8,29,"Serine/arginine repetitive matrix protein 1, org=Mus musculus",No,VNLEVIKPWITK,Srrm1,False,VNLEVIKPWITK
4101,Q5SPW0,29,"Vacuolar protein sorting-associated protein 54, org=Mus musculus",No,ASSHSSSPVPQGSSSDVFFKK,Vps54,False,ASSHSSSPVPQGSSSDVFFKK
4104,Q5SQY2,29,"Biorientation of chromosomes in cell division protein 1, org=Mus musculus",No,QSVVQSGMLEAGVDR,Bod1,False,QSVVQSGMLEAGVDR
4162,Q5U4C3,29,"Splicing factor, arginine/serine-rich 19, org=Mus musculus",No,VAVSLFR,Scaf1,False,VAVSLFR
4237,Q60773,29,"Cyclin-dependent kinase 4 inhibitor D, org=Mus musculus",No,TGFLDTLK,Cdkn2d,False,TGFLDTLK
4298,Q60987,29,"Forkhead box protein G1, org=Mus musculus",No,GAPAADDDKGPQPLLLPPSTALDGAK,Foxg1,False,GAPAADDDKGPQPLLLPPSTALDGAK
4316,Q61048,29,"WW domain-binding protein 4, org=Mus musculus",No,TVSSLGVAADGVAPVFK,Wbp4,False,TVSSLGVAADGVAPVFK
4333,Q61107,29,"Guanylate-binding protein 3, org=Mus musculus",No,SFLQSQAIMEDSILQSDKALTDGER,Gbp3,False,SFLQSQAIMEDSILQSDKALTDGER
4357,Q61183,29,"Poly(A) polymerase alpha, org=Mus musculus",No,LALQTIPEDLDLRDDSLLK,Papola,False,LALQTIPEDLDLRDDSLLK
4476,Q61687,29,"Transcriptional regulator ATRX, org=Mus musculus",Yes,YVEs*DDEKPTDENVNEK,Atrx,False,VTKYVES*DDEKPTD
4477,Q61687,29,"Transcriptional regulator ATRX, org=Mus musculus",No,GTVIVQPEPVLNEDKDDFKGPEFR,Atrx,False,GTVIVQPEPVLNEDKDDFKGPEFR
4603,Q62318,29,"Transcription intermediary factor 1-beta, org=Mus musculus",Yes,AASAAATAAASAATAASAASGs*PGSGEGSAGGEK,Trim28,False,ASAASGs*PGSGEGS
4604,Q62318,29,"Transcription intermediary factor 1-beta, org=Mus musculus",Yes,RPAASSAAAASAAASs*PAGGGGEAQELLEHCGVCR,Trim28,False,ASAAASs*PAGGGGE
4605,Q62318,29,"Transcription intermediary factor 1-beta, org=Mus musculus",No,QVSDVQK,Trim28,False,QVSDVQK
4694,Q64213,29,"Splicing factor 1, org=Mus musculus",No,TVIPGMPTVIPPGLTR,Sf1,False,TVIPGMPTVIPPGLTR
4707,Q64327,29,"Male-enhanced antigen 1, org=Mus musculus",No,EISDAQWEDVVQK,Mea1,False,EISDAQWEDVVQK
4899,Q6DID3,29,"SR-related and CTD-associated factor 8, org=Mus musculus",No,VLNLWQK,Scaf8,False,VLNLWQK
5003,Q6P2K6,29,"Serine/threonine-protein phosphatase 4 regulatory subunit 3A, org=Mus musculus",No,LEEIAELVASSLPSPLRR,Ppp4r3a,False,LEEIAELVASSLPSPLRR
5017,Q6P5B0,29,"RRP12-like protein, org=Mus musculus",No,TLLDSLR,Rrp12,False,TLLDSLR
5126,Q6PDM1,29,"Male-specific lethal 1 homolog, org=Mus musculus",No,AAAAPAGGNPEQR,Msl1,False,AAAAPAGGNPEQR
5183,Q6PGH2,29,"Jupiter microtubule associated homolog 2, org=Mus musculus",No,SMKPPGGESSDLFGSPEEGISSSKPNR,Jpt2,False,SMKPPGGESSDLFGSPEEGISSSKPNR
5282,Q6ZPY7,29,"Lysine-specific demethylase 3B, org=Mus musculus",No,ADAAASPVGKR,Kdm3b,False,ADAAASPVGKR
5321,Q70IV5,29,"Synemin, org=Mus musculus",No,VEGTGDTHARR,Synm,False,VEGTGDTHARR
5414,Q7TNC4,29,"Putative RNA-binding protein Luc7-like 2, org=Mus musculus",No,AMLDQLMGTSR,Luc7l2,False,AMLDQLMGTSR
5429,Q7TNV0,29,"Protein DEK, org=Mus musculus",No,NVGQFSGFPFEK,Dek,False,NVGQFSGFPFEK
5481,Q7TQK4,29,"Exosome complex component RRP40, org=Mus musculus",No,YVPVKGDHVIGIVIAK,Exosc3,False,YVPVKGDHVIGIVIAK
5700,Q80WS3,29,"rRNA/tRNA 2'-O-methyltransferase fibrillarin-like protein 1, org=Mus musculus",No,GAEDALVTLNMVPGVSVYGEKR,Fbll1,False,GAEDALVTLNMVPGVSVYGEKR
6087,Q8BHG9,29,"CGG triplet repeat-binding protein 1, org=Mus musculus",No,QRPLTASLQCNSPAQTEK,Cggbp1,False,QRPLTASLQCNSPAQTEK
6125,Q8BIF9,29,"Zinc finger protein 787, org=Mus musculus",No,LHPELSGPGVAAK,Znf787,False,LHPELSGPGVAAK
6320,Q8BP71,29,"RNA binding protein fox-1 homolog 2, org=Mus musculus",No,QMFGQFGK,Rbfox2,False,QMFGQFGK
6625,Q8BZ97,29,"PR domain zinc finger protein 8, org=Mus musculus",No,FQFEFPYVAHLR,Prdm8,False,FQFEFPYVAHLR
6639,Q8BZL8,29,"LIM domain only protein 3, org=Mus musculus",No,MLSVQPDTKPK,Lmo3,False,MLSVQPDTKPK
6645,Q8BZS9,29,"Putative pre-mRNA-splicing factor ATP-dependent RNA helicase DHX32, org=Mus musculus",No,ANSLVLQPISQSQAEIR,Dhx32,False,ANSLVLQPISQSQAEIR
6648,Q8BZX4,29,"Splicing regulatory glutamine/lysine-rich protein 1, org=Mus musculus",No,ALAFNGVMFGDRPLK,Srek1,False,ALAFNGVMFGDRPLK
6712,Q8C176,29,"Transcription initiation factor TFIID subunit 2, org=Mus musculus",No,YRPHHHHHHHEHK,Taf2,False,YRPHHHHHHHEHK
7387,Q8K3G5,29,"Inactive serine/threonine-protein kinase VRK3, org=Mus musculus",No,FLVFPSLGR,Vrk3,True,FLVFPSLGR
7462,Q8QZY9,29,"Splicing factor 3B subunit 4, org=Mus musculus",No,NQDATVYVGGLDEK,Sf3b4,False,NQDATVYVGGLDEK
7489,Q8R0F6,29,"Integrin-linked kinase-associated serine/threonine phosphatase 2C, org=Mus musculus",Yes,VLGVLEVs*R,Ilkap,False,LGVLEVs*RIGH
7490,Q8R0F6,29,"Integrin-linked kinase-associated serine/threonine phosphatase 2C, org=Mus musculus",No,MDLFGDLPEPERAPRPSAGK,Ilkap,False,MDLFGDLPEPERAPRPSAGK
7594,Q8R2T8,29,"General transcription factor 3C polypeptide 5, org=Mus musculus",No,LFDIRPVWSR,Gtf3c5,False,LFDIRPVWSR
7661,Q8R409,29,"Protein HEXIM1, org=Mus musculus",No,DFSETYER,Hexim1,False,DFSETYER
7854,Q8VDM1,29,"Zinc finger CCCH-type with G patch domain-containing protein, org=Mus musculus",No,ITDVDNGYYTVK,Zgpat,False,ITDVDNGYYTVK
8016,Q91VC3,29,"Eukaryotic initiation factor 4A-III, org=Mus musculus",No,VLISTDVWAR,Eif4a3,False,VLISTDVWAR
8021,Q91VE6,29,"MKI67 FHA domain-interacting nucleolar phosphoprotein, org=Mus musculus",No,GIDYSFPSLVLPKPK,Nifk,False,GIDYSFPSLVLPKPK
8172,Q91XI1,29,"tRNA-dihydrouridine(47) synthase [NAD(P)(+)]-like, org=Mus musculus",No,FAGAHLGPEGQNLVQEEVVAR,Dus3l,False,FAGAHLGPEGQNLVQEEVVAR
8242,Q91Z31,29,"Polypyrimidine tract-binding protein 2, org=Mus musculus",Yes,IIIDNMYy*PVTLDVLHQIFSK,Ptbp2,False,IIDNMYy*PVTLDVL
8243,Q91Z31,29,"Polypyrimidine tract-binding protein 2, org=Mus musculus",No,TLFANTGGTVK,Ptbp2,False,TLFANTGGTVK
8321,Q921I9,29,"Exosome complex component RRP41, org=Mus musculus",No,AGLELLSDQGYR,Exosc4,False,AGLELLSDQGYR
8335,Q921P9,29,"Transcription elongation factor A protein-like 1, org=Mus musculus",No,NLSNEEMIQAADELEEMKR,Tceal1,False,NLSNEEMIQAADELEEMKR
8372,Q922M7,29,"Ashwin, org=Mus musculus",No,NIAVENEVR,,False,NIAVENEVR
8385,Q922U1,29,"U4/U6 small nuclear ribonucleoprotein Prp3, org=Mus musculus",No,LQAEISQAAR,Prpf3,False,LQAEISQAAR
8486,Q99JI1,29,"Musculoskeletal embryonic nuclear protein 1, org=Mus musculus",No,SEAGTPEGPIKK,Mustn1,False,SEAGTPEGPIKK
8635,Q99M28,29,"RNA-binding protein with serine-rich domain 1, org=Mus musculus",No,GYAYVEFENPDEAEK,Rnps1,False,GYAYVEFENPDEAEK
8646,Q99MD9,29,"Nuclear autoantigenic sperm protein, org=Mus musculus",No,SLLELAR,Nasp,False,SLLELAR
8661,Q99MR6,29,"Serrate RNA effector molecule homolog, org=Mus musculus",Yes,LIHTLDDRTQLWASEPGt*PPVPTSLPSQNPILK,Srrt,False,WASEPGt*PPVPTSL
8662,Q99MR6,29,"Serrate RNA effector molecule homolog, org=Mus musculus",Yes,GDs*DDEYDRR,Srrt,False,*DDEYDRR
8663,Q99MR6,29,"Serrate RNA effector molecule homolog, org=Mus musculus",No,LTPLLSVR,Srrt,False,LTPLLSVR
8883,Q9CQL7,29,"MORF4 family-associated protein 1, org=Mus musculus",No,TQVEASEESALNHLQGAGGAEPR,Mrfap1,False,TQVEASEESALNHLQGAGGAEPR
9085,Q9CWZ3,29,"RNA-binding protein 8A, org=Mus musculus",No,ADVLDLHEAGGEDFAMDEDGDESIHK,Rbm8a,False,ADVLDLHEAGGEDFAMDEDGDESIHK
9112,Q9CXK9,29,"RNA-binding protein 33, org=Mus musculus",No,VVECKPQPCVVSVEGLSSSTTDVQLK,Rbm33,False,VVECKPQPCVVSVEGLSSSTTDVQLK
9130,Q9CXY6,29,"Interleukin enhancer-binding factor 2, org=Mus musculus",No,VKPAPDETSFSEALLKR,Ilf2,False,VKPAPDETSFSEALLKR
9186,Q9CYZ8,29,"Single-stranded DNA-binding protein 2, org=Mus musculus",No,SNSSAVPSDSQAR,Ssbp2,False,SNSSAVPSDSQAR
9413,Q9D385,29,"ADP-ribosylation factor-like protein 2-binding protein, org=Mus musculus",No,SSSTPASQNNLRH,Arl2bp,False,SSSTPASQNNLRH
9479,Q9D6H2,29,"Intraflagellar transport protein 25 homolog, org=Mus musculus",No,LVIQSYLVR,Ift25,False,LVIQSYLVR
9563,Q9D883,29,"Splicing factor U2AF 35 kDa subunit, org=Mus musculus",No,AVIDLNNR,U2af1,False,AVIDLNNR
9574,Q9D8C6,29,"Mediator of RNA polymerase II transcription subunit 11, org=Mus musculus",No,YLTQVATGQPHEGSSYSSR,Med11,False,YLTQVATGQPHEGSSYSSR
9608,Q9D902,29,"General transcription factor IIE subunit 2, org=Mus musculus",No,QGISSMQESGPK,Gtf2e2,False,QGISSMQESGPK
9613,Q9D937,29,"Uncharacterized protein C11orf98 homolog, org=Mus musculus",No,AAMEVEAPSK,,False,AAMEVEAPSK
9636,Q9DAA6,29,"Exosome complex component CSL4, org=Mus musculus",No,SFRPGDIVLAK,Exosc1,False,SFRPGDIVLAK
9666,Q9DB28,29,"Ribonuclease P/MRP protein subunit POP5, org=Mus musculus",No,LSLDDRVLGGLVR,Pop5,False,LSLDDRVLGGLVR
9789,Q9DCE5,29,"p21-activated protein kinase-interacting protein 1, org=Mus musculus",No,ISSVTFLSDSVLAVAGDEEVVR,Pak1ip1,False,ISSVTFLSDSVLAVAGDEEVVR
9824,Q9DCM7,29,"Nucleus accumbens-associated protein 2, org=Mus musculus",No,DLVALPASLISQIGYR,Nacc2,False,DLVALPASLISQIGYR
9835,Q9DCT6,29,"Chromatin complexes subunit BAP18, org=Mus musculus",No,VGEIFSAAGAAFTK,Bap18,False,VGEIFSAAGAAFTK
9856,Q9EP97,29,"Sentrin-specific protease 3, org=Mus musculus",No,MKETIQGTGSWGPEPPGPGTTYSNPR,Senp3,False,MKETIQGTGSWGPEPPGPGTTYSNPR
10017,Q9ESC8,29,"AF4/FMR2 family member 4, org=Mus musculus",No,NSYSNSQAPSPGLGSK,Aff4,False,NSYSNSQAPSPGLGSK
10042,Q9EST5,29,"Acidic leucine-rich nuclear phosphoprotein 32 family member B, org=Mus musculus",Yes,KREt*DDEGEDD,Anp32b,False,EKRKRET*DDEGEDD
10043,Q9EST5,29,"Acidic leucine-rich nuclear phosphoprotein 32 family member B, org=Mus musculus",No,IFGGLDR,Anp32b,False,IFGGLDR
10115,Q9JIB4,29,"General transcription factor IIH subunit 2, org=Mus musculus",No,ICGLTLVSAPHLAR,Gtf2h2,False,ICGLTLVSAPHLAR
10151,Q9JJ43,29,"RNA binding protein fox-1 homolog 1, org=Mus musculus",No,TVNPYTNGWK,Rbfox1,False,TVNPYTNGWK
10198,Q9JJZ6,29,"Krueppel-like factor 13, org=Mus musculus",No,ILADLNQQAPAPAPAERR,Klf13,False,ILADLNQQAPAPAPAERR
10259,Q9JL62,29,"Glycolipid transfer protein, org=Mus musculus",No,ALLAEHLLKPLPADR,Gltp,False,ALLAEHLLKPLPADR
10329,Q9JMG7,29,"Hepatoma-derived growth factor-related protein 3, org=Mus musculus",No,AGDLVFAK,Hdgfl3,False,AGDLVFAK
11055,Q9Z1X4,29,"Interleukin enhancer-binding factor 3, org=Mus musculus",No,CLAALASLR,Ilf3,False,CLAALASLR
11119,Q9Z2N8,29,"Actin-like protein 6A, org=Mus musculus",No,STGLILDSGATHTTAIPVHDGYVLQQGIVK,Actl6a,False,STGLILDSGATHTTAIPVHDGYVLQQGIVK
11138,Q9Z2X1,29,"Heterogeneous nuclear ribonucleoprotein F, org=Mus musculus",No,TEMDWVLK,Hnrnpf,False,TEMDWVLK
