"Enrichment FDR","nGenes","Pathway Genes","Fold Enrichment","Pathway","URL","Genes"
9.99215099173169e-31,28,178,30.2458691341705,"GO:0002181 cytoplasmic translation "," http://amigo.geneontology.org/amigo/term/GO:0002181"," RPL24  RPL22  EIF2S2  RPL22L1  RPL9  RPL17  RPS20  RPS16  RPL23  RPS15A  RPS6  RPS24  RPS2  RPS11  RPS8  RPS27A  RPL10  RPS3  RPS14  RPL27A  RPS7  RPS23  RPS26  RPL37A  RPS4X  RPS29  RPL36A  NEMF"
9.99215099173169e-31,49,1082,8.70756768511471,"GO:0006396 RNA processing "," http://amigo.geneontology.org/amigo/term/GO:0006396"," LUC7L  RRP12  DDX18  POP4  RPS16  CACTIN  FTSJ3  LUC7L3  CPSF6  RBM25  RIOK1  NAT10  RPS8  LYAR  DDX46  ABT1  CWF19L2  SON  NSA2  RPS14  RSL1D1  RPS7  DDX10  DDX41  PRPF40A  DDX47  GPATCH1  DHX15  PRPF4B  SRRM2  RBM39  RPS26  CDK11B  RPS20  THRAP3  NOP56  GTPBP4  NRDE2  RBBP6  RPL23  PRPF38B  DDX56  RPS6  RPS3  RPL17  FMC1-LUC7L2  RPS24  NOP58  PPIG"
1.2984095185421e-25,34,509,12.8436710637104,"GO:0022613 ribonucleoprotein complex biogenesis "," http://amigo.geneontology.org/amigo/term/GO:0022613"," LUC7L  RRP12  DDX18  POP4  RPS16  GTPBP4  FTSJ3  LUC7L3  RIOK1  EIF2S2  NAT10  LTV1  RPS8  LYAR  ABT1  RPL10  NSA2  RPS14  RSL1D1  RPS7  DDX10  SDAD1  DDX47  DDX46  CPSF6  NOP58  NOP56  RPL24  GNL3L  GNL2  DDX56  RPS6  FMC1-LUC7L2  RPS24"
1.1204281955599e-23,28,327,16.4641122504047,"GO:0042254 ribosome biogenesis "," http://amigo.geneontology.org/amigo/term/GO:0042254"," RRP12  DDX18  POP4  RPS16  GTPBP4  FTSJ3  RIOK1  NAT10  LTV1  RPS8  LYAR  ABT1  RPL10  NSA2  RPS14  RSL1D1  RPS7  DDX10  SDAD1  DDX47  NOP58  NOP56  RPL24  GNL3L  GNL2  DDX56  RPS6  RPS24"
1.44750026315744e-18,22,248,17.0568582271618,"GO:0006364 rRNA processing "," http://amigo.geneontology.org/amigo/term/GO:0006364"," RRP12  DDX18  POP4  RPS16  FTSJ3  RIOK1  NAT10  RPS8  LYAR  ABT1  NSA2  RPS14  RSL1D1  RPS7  DDX10  DDX47  GTPBP4  DDX56  RPS6  RPS24  NOP58  NOP56"
1.08323568631759e-17,32,784,7.84805350711713,"GO:0006412 translation "," http://amigo.geneontology.org/amigo/term/GO:0006412"," RPL24  RPL22  EIF2S2  RPS2  RPL22L1  RPL9  RPS14  NEMF  RPS23  RPS4X  RPL17  RPS20  RPS16  RPL23  RPS15A  RPS6  RPS24  RPS11  RPS8  RPS27A  RPL10  RPS3  RPL27A  RPS7  RPS26  RPL37A  RPS29  RPL36A  EIF2B4  NAT10  EIF5B  DIS3L2"
2.46821709432228e-17,22,288,14.687850140056,"GO:0016072 rRNA metabolic process "," http://amigo.geneontology.org/amigo/term/GO:0016072"," RRP12  DDX18  POP4  RPS16  FTSJ3  RIOK1  NAT10  RPS8  LYAR  ABT1  NSA2  RPS14  RSL1D1  RPS7  DDX10  DDX47  GTPBP4  DDX56  RPS6  RPS24  NOP58  NOP56"
2.46821709432228e-17,32,814,7.55881320587203,"GO:0043043 peptide biosynthetic process "," http://amigo.geneontology.org/amigo/term/GO:0043043"," RPL24  RPL22  EIF2S2  RPS2  RPL22L1  RPL9  RPS14  NEMF  RPS23  RPS4X  RPL17  RPS20  RPS16  RPL23  RPS15A  RPS6  RPS24  RPS11  RPS8  RPS27A  RPL10  RPS3  RPL27A  RPS7  RPS26  RPL37A  RPS29  RPL36A  EIF2B4  NAT10  EIF5B  DIS3L2"
2.62750989066812e-15,32,959,6.41592695472349,"GO:0043604 amide biosynthetic process "," http://amigo.geneontology.org/amigo/term/GO:0043604"," RPL24  RPL22  EIF2S2  RPS2  RPL22L1  RPL9  RPS14  NEMF  RPS23  RPS4X  RPL17  RPS20  RPS16  RPL23  RPS15A  RPS6  RPS24  RPS11  RPS8  RPS27A  RPL10  RPS3  RPL27A  RPS7  RPS26  RPL37A  RPS29  RPL36A  EIF2B4  NAT10  EIF5B  DIS3L2"
7.65918424149941e-15,32,999,6.15903298256239,"GO:0006518 peptide metabolic process "," http://amigo.geneontology.org/amigo/term/GO:0006518"," RPL24  RPL22  EIF2S2  RPS2  RPL22L1  RPL9  RPS14  NEMF  RPS23  RPS4X  RPL17  RPS20  RPS16  RPL23  RPS15A  RPS6  RPS24  RPS11  RPS8  RPS27A  RPL10  RPS3  RPL27A  RPS7  RPS26  RPL37A  RPS29  RPL36A  EIF2B4  NAT10  EIF5B  DIS3L2"
4.39511241729705e-13,25,645,7.45260895055697,"GO:0034660 ncRNA metabolic process "," http://amigo.geneontology.org/amigo/term/GO:0034660"," RRP12  DDX18  POP4  RPS16  FTSJ3  RIOK1  NAT10  RPS8  DIS3L2  LYAR  ABT1  NSA2  RPS14  RSL1D1  RPS7  DDX10  DDX47  ZC3H4  WDR82  GTPBP4  DDX56  RPS6  RPS24  NOP58  NOP56"
8.61494474744016e-13,22,483,8.75797275431912,"GO:0034470 ncRNA processing "," http://amigo.geneontology.org/amigo/term/GO:0034470"," RRP12  DDX18  POP4  RPS16  FTSJ3  RIOK1  NAT10  RPS8  LYAR  ABT1  NSA2  RPS14  RSL1D1  RPS7  DDX10  DDX47  GTPBP4  DDX56  RPS6  RPS24  NOP58  NOP56"
3.92877134336215e-12,32,1259,4.88711195359796,"GO:0034645 cellular macromolecule biosynthetic process "," http://amigo.geneontology.org/amigo/term/GO:0034645"," RPL24  RPL22  EIF2S2  RPS2  RPL22L1  RPL9  RPS14  NEMF  RPS23  RPS4X  RPL17  RPS20  RPS16  RPL23  RPS15A  RPS6  RPS24  RPS11  RPS8  RPS27A  RPL10  RPS3  RPL27A  RPS7  RPS26  RPL37A  RPS29  RPL36A  EIF2B4  NAT10  EIF5B  DIS3L2"
6.38902036305917e-12,22,537,7.87728275667809,"GO:0006397 mRNA processing "," http://amigo.geneontology.org/amigo/term/GO:0006397"," LUC7L  CACTIN  LUC7L3  CPSF6  RBM25  DDX46  CWF19L2  SON  DDX41  PRPF40A  GPATCH1  PRPF4B  SRRM2  RBM39  CDK11B  THRAP3  DHX15  NRDE2  RBBP6  PRPF38B  DDX47  FMC1-LUC7L2"
8.3735229563898e-12,32,1301,4.72934200582616,"GO:0043603 cellular amide metabolic process "," http://amigo.geneontology.org/amigo/term/GO:0043603"," RPL24  RPL22  EIF2S2  RPS2  RPL22L1  RPL9  RPS14  NEMF  RPS23  RPS4X  RPL17  RPS20  RPS16  RPL23  RPS15A  RPS6  RPS24  RPS11  RPS8  RPS27A  RPL10  RPS3  RPL27A  RPS7  RPS26  RPL37A  RPS29  RPL36A  EIF2B4  NAT10  EIF5B  DIS3L2"
1.13350579350451e-11,21,495,8.1572192513369,"GO:0008380 RNA splicing "," http://amigo.geneontology.org/amigo/term/GO:0008380"," LUC7L  CACTIN  LUC7L3  RBM25  DDX46  CWF19L2  SON  DDX41  PRPF40A  GPATCH1  DHX15  PRPF4B  SRRM2  RBM39  RPS26  THRAP3  NRDE2  PRPF38B  DDX47  FMC1-LUC7L2  PPIG"
4.93379386855254e-10,24,823,5.60711477786741,"GO:0016071 mRNA metabolic process "," http://amigo.geneontology.org/amigo/term/GO:0016071"," LUC7L  CACTIN  LUC7L3  CPSF6  RBM25  DIS3L2  DDX46  UPF2  CWF19L2  SON  DDX41  PRPF40A  GPATCH1  PRPF4B  SRRM2  THRAP3  RBM39  CDK11B  DHX15  NRDE2  RBBP6  PRPF38B  DDX47  FMC1-LUC7L2"
2.18563678125432e-09,16,341,9.02180931023436,"GO:0000377 RNA splicing via transesterification reactions with bulged adenosine as nucleophile "," http://amigo.geneontology.org/amigo/term/GO:0000377"," LUC7L  CACTIN  LUC7L3  RBM25  DDX46  CWF19L2  SON  DDX41  PRPF40A  GPATCH1  PRPF4B  SRRM2  RBM39  PRPF38B  FMC1-LUC7L2  THRAP3"
2.18563678125432e-09,16,341,9.02180931023436,"GO:0000398 mRNA splicing via spliceosome "," http://amigo.geneontology.org/amigo/term/GO:0000398"," LUC7L  CACTIN  LUC7L3  RBM25  DDX46  CWF19L2  SON  DDX41  PRPF40A  GPATCH1  PRPF4B  SRRM2  RBM39  PRPF38B  FMC1-LUC7L2  THRAP3"
2.18563678125432e-09,10,87,22.1008403361345,"GO:0042274 ribosomal small subunit biogenesis "," http://amigo.geneontology.org/amigo/term/GO:0042274"," RPS16  RIOK1  NAT10  LTV1  RPS8  ABT1  RPS14  RPS7  RPS6  RPS24"
2.46190577870701e-09,16,345,8.91720862257947,"GO:0000375 RNA splicing via transesterification reactions "," http://amigo.geneontology.org/amigo/term/GO:0000375"," LUC7L  CACTIN  LUC7L3  RBM25  DDX46  CWF19L2  SON  DDX41  PRPF40A  GPATCH1  PRPF4B  SRRM2  RBM39  PRPF38B  FMC1-LUC7L2  THRAP3"
9.57581253960463e-08,32,1888,3.2589374732944,"GO:1901566 organonitrogen compound biosynthetic process "," http://amigo.geneontology.org/amigo/term/GO:1901566"," RPL24  RPL22  EIF2S2  RPS2  RPL22L1  RPL9  RPS14  NEMF  RPS23  RPS4X  RPL17  RPS20  RPS16  RPL23  RPS15A  RPS6  RPS24  RPS11  RPS8  RPS27A  RPL10  RPS3  RPL27A  RPS7  RPS26  RPL37A  RPS29  RPL36A  EIF2B4  NAT10  EIF5B  DIS3L2"
5.45878601617497e-07,8,79,19.4711200936071,"GO:0042273 ribosomal large subunit biogenesis "," http://amigo.geneontology.org/amigo/term/GO:0042273"," DDX18  GTPBP4  FTSJ3  RPL10  NSA2  RSL1D1  SDAD1  RPL24"
3.3845352385475e-05,10,240,8.01155462184874,"GO:0022618 ribonucleoprotein complex assembly "," http://amigo.geneontology.org/amigo/term/GO:0022618"," LUC7L  LUC7L3  EIF2S2  ABT1  RPL10  RPS14  DDX46  CPSF6  RPL24  FMC1-LUC7L2"
3.90661187942799e-05,5,32,30.0433298319328,"GO:0000470 maturation of LSU-rRNA "," http://amigo.geneontology.org/amigo/term/GO:0000470"," DDX18  FTSJ3  NSA2  RSL1D1  GTPBP4"
4.21454853228172e-05,10,248,7.75311737598265,"GO:0071826 ribonucleoprotein complex subunit organization "," http://amigo.geneontology.org/amigo/term/GO:0071826"," LUC7L  LUC7L3  EIF2S2  ABT1  RPL10  RPS14  DDX46  CPSF6  RPL24  FMC1-LUC7L2"
4.40472163168158e-05,6,61,18.9125223860036,"GO:0030490 maturation of SSU-rRNA "," http://amigo.geneontology.org/amigo/term/GO:0030490"," RPS16  RIOK1  NAT10  RPS8  ABT1  RPS14"
0.000541741336730534,6,94,12.2730198462364,"GO:0031397 negative regulation of protein ubiquitination "," http://amigo.geneontology.org/amigo/term/GO:0031397"," GTPBP4  RPL23  RPS3  RPS7  RPS20  GNL3L"
0.00105060424037437,4,31,24.8099756031445,"GO:1901798 positive regulation of signal transduction by p53 class mediator "," http://amigo.geneontology.org/amigo/term/GO:1901798"," RPS20  RPL23  RPS7  CHD5"
0.00106236181367158,6,107,10.7819052854787,"GO:1903321 negative regulation of protein modification by small protein conjugation or removal "," http://amigo.geneontology.org/amigo/term/GO:1903321"," GTPBP4  RPL23  RPS3  RPS7  RPS20  GNL3L"
0.00189065598049788,3,13,44.371687136393,"GO:1904667 negative regulation of ubiquitin protein ligase activity "," http://amigo.geneontology.org/amigo/term/GO:1904667"," RPL23  RPS7  RPS20"
0.00345307222133755,12,601,3.83914763908891,"GO:0010608 post-transcriptional regulation of gene expression "," http://amigo.geneontology.org/amigo/term/GO:0010608"," NRDE2  ZCCHC17  NAT10  RPS3  EIF5B  RPL22  DIS3L2  RPL10  RPS14  THRAP3  RPS4X  EIF2B4"
0.00378084893489458,4,44,17.4797555385791,"GO:0000462 maturation of SSU-rRNA from tricistronic rRNA transcript (SSU-rRNA 5.8S rRNA LSU-rRNA) "," http://amigo.geneontology.org/amigo/term/GO:0000462"," RPS16  RPS8  ABT1  RPS14"
0.00403679150246904,3,17,33.9312901631241,"GO:0000463 maturation of LSU-rRNA from tricistronic rRNA transcript (SSU-rRNA 5.8S rRNA LSU-rRNA) "," http://amigo.geneontology.org/amigo/term/GO:0000463"," DDX18  FTSJ3  GTPBP4"
0.00518220995258236,6,146,7.90180729826177,"GO:0050684 regulation of mRNA processing "," http://amigo.geneontology.org/amigo/term/GO:0050684"," CPSF6  RBM25  SON  RBM39  CDK11B  THRAP3"
0.00834848132608201,7,228,5.90325077399381,"GO:0031396 regulation of protein ubiquitination "," http://amigo.geneontology.org/amigo/term/GO:0031396"," GTPBP4  RPL23  RPS2  RPS3  RPS7  RPS20  GNL3L"
0.00919495499030316,3,23,25.0796492510047,"GO:0045292 mRNA cis splicing via spliceosome "," http://amigo.geneontology.org/amigo/term/GO:0045292"," CACTIN  PRPF4B  PRPF40A"
0.00919495499030316,3,23,25.0796492510047,"GO:0051444 negative regulation of ubiquitin-protein transferase activity "," http://amigo.geneontology.org/amigo/term/GO:0051444"," RPL23  RPS7  RPS20"
0.00945349756192202,4,58,13.2605042016807,"GO:0051438 regulation of ubiquitin-protein transferase activity "," http://amigo.geneontology.org/amigo/term/GO:0051438"," RPL23  RPS2  RPS7  RPS20"
0.010049816616644,2,5,76.9109243697479,"GO:0016183 synaptic vesicle coating "," http://amigo.geneontology.org/amigo/term/GO:0016183"," AP3D1  AP3S1"
0.010049816616644,2,5,76.9109243697479,"GO:0046833 positive regulation of RNA export from nucleus "," http://amigo.geneontology.org/amigo/term/GO:0046833"," CPSF6  NRDE2"
0.0105147408685405,6,172,6.70734805550127,"GO:0010970 transport along microtubule "," http://amigo.geneontology.org/amigo/term/GO:0010970"," AP3D1  DYNC2I2  DYNC2I1  RASGRP1  AP3S1  MAP1A"
0.0115313759226462,4,63,12.2080832332933,"GO:0042255 ribosome assembly "," http://amigo.geneontology.org/amigo/term/GO:0042255"," ABT1  RPL10  RPS14  RPL24"
0.0115313759226462,3,26,22.1858435681965,"GO:1904666 regulation of ubiquitin protein ligase activity "," http://amigo.geneontology.org/amigo/term/GO:1904666"," RPL23  RPS7  RPS20"
0.0121484982983796,6,179,6.44504952819117,"GO:0051168 nuclear export "," http://amigo.geneontology.org/amigo/term/GO:0051168"," LTV1  SDAD1  CPSF6  NRDE2  NEMF  UPF2"
0.0133904150628894,2,6,64.0924369747899,"GO:0032241 positive regulation of nucleobase-containing compound transport "," http://amigo.geneontology.org/amigo/term/GO:0032241"," CPSF6  NRDE2"
0.0175389274864403,2,7,54.9363745498199,"GO:0035652 clathrin-coated vesicle cargo loading "," http://amigo.geneontology.org/amigo/term/GO:0035652"," AP3D1  AP3S1"
0.0175389274864403,2,7,54.9363745498199,"GO:0035654 clathrin-coated vesicle cargo loading AP-3-mediated "," http://amigo.geneontology.org/amigo/term/GO:0035654"," AP3D1  AP3S1"
0.0175389274864403,7,270,4.98496732026144,"GO:1903320 regulation of protein modification by small protein conjugation or removal "," http://amigo.geneontology.org/amigo/term/GO:1903320"," GTPBP4  RPL23  RPS2  RPS3  RPS7  RPS20  GNL3L"
0.0178203664267177,9,449,3.85411090939717,"GO:0006417 regulation of translation "," http://amigo.geneontology.org/amigo/term/GO:0006417"," NAT10  RPS3  EIF5B  RPL22  DIS3L2  RPL10  RPS14  RPS4X  EIF2B4"
0.0241941873550845,3,35,16.480912364946,"GO:0006376 mRNA splice site selection "," http://amigo.geneontology.org/amigo/term/GO:0006376"," LUC7L  LUC7L3  FMC1-LUC7L2"
0.0262336078203278,6,213,5.41626227955971,"GO:0099111 microtubule-based transport "," http://amigo.geneontology.org/amigo/term/GO:0099111"," AP3D1  DYNC2I2  DYNC2I1  RASGRP1  AP3S1  MAP1A"
0.0276087426251667,2,9,42.7282913165266,"GO:0016185 synaptic vesicle budding from presynaptic endocytic zone membrane "," http://amigo.geneontology.org/amigo/term/GO:0016185"," AP3D1  AP3S1"
0.0291601129693891,6,219,5.26787153217451,"GO:0030705 cytoskeleton-dependent intracellular transport "," http://amigo.geneontology.org/amigo/term/GO:0030705"," AP3D1  DYNC2I2  DYNC2I1  RASGRP1  AP3S1  MAP1A"
0.0300034563399594,4,86,8.94313074066836,"GO:0000245 spliceosomal complex assembly "," http://amigo.geneontology.org/amigo/term/GO:0000245"," LUC7L  LUC7L3  DDX46  FMC1-LUC7L2"
0.0303049257986245,3,39,14.7905623787977,"GO:0000460 maturation of 5.8S rRNA "," http://amigo.geneontology.org/amigo/term/GO:0000460"," FTSJ3  ABT1  NSA2"
0.0319800125026143,2,10,38.4554621848739,"GO:0070142 synaptic vesicle budding "," http://amigo.geneontology.org/amigo/term/GO:0070142"," AP3D1  AP3S1"
0.0396014391143069,9,514,3.36672334303371,"GO:0034248 regulation of cellular amide metabolic process "," http://amigo.geneontology.org/amigo/term/GO:0034248"," NAT10  RPS3  EIF5B  RPL22  DIS3L2  RPL10  RPS14  RPS4X  EIF2B4"
0.0400481599937742,7,323,4.16700054634857,"GO:1903311 regulation of mRNA metabolic process "," http://amigo.geneontology.org/amigo/term/GO:1903311"," CPSF6  RBM25  SON  RBM39  CDK11B  DIS3L2  THRAP3"
0.0402223823112634,3,44,13.1098166539343,"GO:0034661 ncRNA catabolic process "," http://amigo.geneontology.org/amigo/term/GO:0034661"," DIS3L2  ZC3H4  WDR82"
0.043752956900263,7,330,4.07860962566845,"GO:0006401 RNA catabolic process "," http://amigo.geneontology.org/amigo/term/GO:0006401"," NRDE2  ZCCHC17  DIS3L2  UPF2  THRAP3  ZC3H4  WDR82"
0.0466927807911347,3,47,12.2730198462364,"GO:0047496 vesicle transport along microtubule "," http://amigo.geneontology.org/amigo/term/GO:0047496"," AP3D1  RASGRP1  AP3S1"
0.0466927807911347,9,533,3.24670881485803,"GO:2000112 regulation of cellular macromolecule biosynthetic process "," http://amigo.geneontology.org/amigo/term/GO:2000112"," NAT10  RPS3  EIF5B  RPL22  DIS3L2  RPL10  RPS14  RPS4X  EIF2B4"
0.0481159077641767,2,13,29.5811247575953,"GO:0035721 intraciliary retrograde transport "," http://amigo.geneontology.org/amigo/term/GO:0035721"," DYNC2I1  DYNC2I2"
0.0481159077641767,2,13,29.5811247575953,"GO:0046831 regulation of RNA export from nucleus "," http://amigo.geneontology.org/amigo/term/GO:0046831"," CPSF6  NRDE2"
0.0529031264484827,3,50,11.5366386554622,"GO:0008089 anterograde axonal transport "," http://amigo.geneontology.org/amigo/term/GO:0008089"," AP3D1  AP3S1  MAP1A"
0.0539347186899837,15,1263,2.28357851454121,"GO:0044265 cellular macromolecule catabolic process "," http://amigo.geneontology.org/amigo/term/GO:0044265"," PSMD3  NRDE2  ZCCHC17  RBBP6  RPS27A  DIS3L2  UPF2  PSMD4  NEMF  THRAP3  RPL23  ZC3H4  WDR82  RPS7  MAP1A"
0.0557524919159198,7,354,3.80209371884347,"GO:0006913 nucleocytoplasmic transport "," http://amigo.geneontology.org/amigo/term/GO:0006913"," LTV1  SDAD1  CPSF6  NRDE2  NEMF  RPL23  UPF2"
0.0557524919159198,5,179,5.37087460682597,"GO:0031503 protein-containing complex localization "," http://amigo.geneontology.org/amigo/term/GO:0031503"," AP3D1  DYNC2I2  DYNC2I1  LTV1  SDAD1"
0.0557524919159198,18,1674,2.06749796692871,"GO:0045934 negative regulation of nucleobase-containing compound metabolic process "," http://amigo.geneontology.org/amigo/term/GO:0045934"," NKAP  CHD4  CHD5  NRDE2  ZCCHC17  LYAR  ZC3H4  WDR82  RPS14  RPS26  SREBF2  THRAP3  GTPBP4  RPL23  GNL3L  NAT10  RPL10  RPS3"
0.0557524919159198,7,354,3.80209371884347,"GO:0051169 nuclear transport "," http://amigo.geneontology.org/amigo/term/GO:0051169"," LTV1  SDAD1  CPSF6  NRDE2  NEMF  RPL23  UPF2"
0.0566374770256872,4,110,6.99190221543163,"GO:1901796 regulation of signal transduction by p53 class mediator "," http://amigo.geneontology.org/amigo/term/GO:1901796"," RPS20  RPL23  RPS7  CHD5"
0.0626681516089563,2,16,24.0346638655462,"GO:0000054 ribosomal subunit export from nucleus "," http://amigo.geneontology.org/amigo/term/GO:0000054"," LTV1  SDAD1"
0.0626681516089563,2,16,24.0346638655462,"GO:0032239 regulation of nucleobase-containing compound transport "," http://amigo.geneontology.org/amigo/term/GO:0032239"," CPSF6  NRDE2"
0.0626681516089563,2,16,24.0346638655462,"GO:0033750 ribosome localization "," http://amigo.geneontology.org/amigo/term/GO:0033750"," LTV1  SDAD1"
0.0626681516089563,4,114,6.74657231313578,"GO:0048024 regulation of mRNA splicing via spliceosome "," http://amigo.geneontology.org/amigo/term/GO:0048024"," RBM25  SON  RBM39  THRAP3"
0.0636869908316981,18,1709,2.0251559956926,"GO:0046907 intracellular transport "," http://amigo.geneontology.org/amigo/term/GO:0046907"," SREBF2  AP3D1  DYNC2I2  COPA  DYNC2I1  LTV1  SDAD1  AP3S1  RASGRP1  CPSF6  NRDE2  NEMF  TBC1D10B  MAP1A  RPL23  DCLK1  TAOK2  UPF2"
0.0672439583805031,2,17,22.6208601087494,"GO:0000028 ribosomal small subunit assembly "," http://amigo.geneontology.org/amigo/term/GO:0000028"," ABT1  RPS14"
0.0672439583805031,5,193,4.9812774850873,"GO:0043484 regulation of RNA splicing "," http://amigo.geneontology.org/amigo/term/GO:0043484"," RBM25  SON  RBM39  RPS26  THRAP3"
0.0672439583805031,2,17,22.6208601087494,"GO:0046834 lipid phosphorylation "," http://amigo.geneontology.org/amigo/term/GO:0046834"," DGKB  DGKI"
0.0715953740772783,6,284,4.06219670966978,"GO:0031330 negative regulation of cellular catabolic process "," http://amigo.geneontology.org/amigo/term/GO:0031330"," NRDE2  ZCCHC17  RPL23  RPS7  THRAP3  MAP1A"
0.0858681250041801,3,64,9.01299894957983,"GO:2000059 negative regulation of ubiquitin-dependent protein catabolic process "," http://amigo.geneontology.org/amigo/term/GO:2000059"," RPL23  RPS7  MAP1A"
0.0865044438370937,2,20,19.227731092437,"GO:0048490 anterograde synaptic vesicle transport "," http://amigo.geneontology.org/amigo/term/GO:0048490"," AP3D1  AP3S1"
0.0865044438370937,2,20,19.227731092437,"GO:0071027 nuclear RNA surveillance "," http://amigo.geneontology.org/amigo/term/GO:0071027"," ZC3H4  WDR82"
0.0865044438370937,2,20,19.227731092437,"GO:0099514 synaptic vesicle cytoskeletal transport "," http://amigo.geneontology.org/amigo/term/GO:0099514"," AP3D1  AP3S1"
0.0865044438370937,2,20,19.227731092437,"GO:0099517 synaptic vesicle transport along microtubule "," http://amigo.geneontology.org/amigo/term/GO:0099517"," AP3D1  AP3S1"
0.0920137171000437,3,67,8.60943183243447,"GO:0098930 axonal transport "," http://amigo.geneontology.org/amigo/term/GO:0098930"," AP3D1  AP3S1  MAP1A"
0.0931209478877642,2,21,18.31212484994,"GO:1903232 melanosome assembly "," http://amigo.geneontology.org/amigo/term/GO:1903232"," AP3D1  AP3S1"
0.098365000765512,12,994,2.32125526266845,"GO:0070925 organelle assembly "," http://amigo.geneontology.org/amigo/term/GO:0070925"," ULK2  ABT1  RPL10  RPS14  AP3D1  AP3S1  RPL24  DYNC2I2  DCLK1  DYNC2I1  RPS3  RPS23"
0.0987209773037718,2,22,17.4797555385791,"GO:0032211 negative regulation of telomere maintenance via telomerase "," http://amigo.geneontology.org/amigo/term/GO:0032211"," GNL3L  NAT10"
0.0987209773037718,2,22,17.4797555385791,"GO:0071025 RNA surveillance "," http://amigo.geneontology.org/amigo/term/GO:0071025"," ZC3H4  WDR82"
0.104512241319958,4,140,5.49363745498199,"GO:0006413 translational initiation "," http://amigo.geneontology.org/amigo/term/GO:0006413"," EIF2S2  EIF2B4  EIF5B  RPS3"
0.113458882500315,3,74,7.79502611855553,"GO:0099518 vesicle cytoskeletal trafficking "," http://amigo.geneontology.org/amigo/term/GO:0099518"," AP3D1  RASGRP1  AP3S1"
0.121569426779968,2,25,15.3821848739496,"GO:0060155 platelet dense granule organization "," http://amigo.geneontology.org/amigo/term/GO:0060155"," AP3D1  AP3S1"
0.121569426779968,2,25,15.3821848739496,"GO:0140747 regulation of ncRNA transcription "," http://amigo.geneontology.org/amigo/term/GO:0140747"," ZC3H4  WDR82"
0.127539598004433,2,26,14.7905623787977,"GO:0006896 Golgi to vacuole transport "," http://amigo.geneontology.org/amigo/term/GO:0006896"," AP3D1  AP3S1"
0.127539598004433,2,26,14.7905623787977,"GO:0032785 negative regulation of DNA-templated transcription elongation "," http://amigo.geneontology.org/amigo/term/GO:0032785"," ZC3H4  WDR82"
0.127539598004433,4,151,5.0934386999833,"GO:0034101 erythrocyte homeostasis "," http://amigo.geneontology.org/amigo/term/GO:0034101"," RPS6  RPS24  LYAR  RPS14"
0.129153189107931,4,152,5.05992923485184,"GO:0051053 negative regulation of DNA metabolic process "," http://amigo.geneontology.org/amigo/term/GO:0051053"," GTPBP4  GNL3L  NAT10  RPS3"
0.130763157408934,3,80,7.21039915966387,"GO:1903051 negative regulation of proteolysis involved in cellular protein catabolic process "," http://amigo.geneontology.org/amigo/term/GO:1903051"," RPL23  RPS7  MAP1A"
0.132632590754795,2,27,14.2427637721755,"GO:0000466 maturation of 5.8S rRNA from tricistronic rRNA transcript (SSU-rRNA 5.8S rRNA LSU-rRNA) "," http://amigo.geneontology.org/amigo/term/GO:0000466"," FTSJ3  ABT1"
0.132632590754795,3,81,7.12138188608777,"GO:0008088 axo-dendritic transport "," http://amigo.geneontology.org/amigo/term/GO:0008088"," AP3D1  AP3S1  MAP1A"
0.137716635473547,2,28,13.734093637455,"GO:0034471 ncRNA 5-prime-end processing "," http://amigo.geneontology.org/amigo/term/GO:0034471"," ABT1  POP4"
0.137716635473547,2,28,13.734093637455,"GO:0046339 diacylglycerol metabolic process "," http://amigo.geneontology.org/amigo/term/GO:0046339"," DGKB  DGKI"
0.137716635473547,3,83,6.94978232256758,"GO:1902369 negative regulation of RNA catabolic process "," http://amigo.geneontology.org/amigo/term/GO:1902369"," NRDE2  ZCCHC17  THRAP3"
0.144110126864827,2,29,13.2605042016807,"GO:0000027 ribosomal large subunit assembly "," http://amigo.geneontology.org/amigo/term/GO:0000027"," RPL10  RPL24"
0.144110126864827,2,29,13.2605042016807,"GO:0007205 protein kinase C-activating G protein-coupled receptor signaling pathway "," http://amigo.geneontology.org/amigo/term/GO:0007205"," DGKB  DGKI"
0.14746883564182,3,86,6.70734805550127,"GO:1903363 negative regulation of cellular protein catabolic process "," http://amigo.geneontology.org/amigo/term/GO:1903363"," RPL23  RPS7  MAP1A"
0.14833765303358,2,30,12.818487394958,"GO:0000966 RNA 5-prime-end processing "," http://amigo.geneontology.org/amigo/term/GO:0000966"," ABT1  POP4"
0.14833765303358,7,462,2.91329258976318,"GO:0034655 nucleobase-containing compound catabolic process "," http://amigo.geneontology.org/amigo/term/GO:0034655"," NRDE2  ZCCHC17  DIS3L2  UPF2  THRAP3  ZC3H4  WDR82"
0.14833765303358,2,30,12.818487394958,"GO:1904357 negative regulation of telomere maintenance via telomere lengthening "," http://amigo.geneontology.org/amigo/term/GO:1904357"," GNL3L  NAT10"
0.156039105063286,3,89,6.48125767160797,"GO:0033077 T cell differentiation in thymus "," http://amigo.geneontology.org/amigo/term/GO:0033077"," NKAP  RPS6  RASGRP1"
0.163044068989991,15,1514,1.90499317296271,"GO:0009057 macromolecule catabolic process "," http://amigo.geneontology.org/amigo/term/GO:0009057"," PSMD3  NRDE2  ZCCHC17  RBBP6  RPS27A  DIS3L2  UPF2  PSMD4  NEMF  THRAP3  RPL23  ZC3H4  WDR82  RPS7  MAP1A"
0.163044068989991,6,363,3.17813737065074,"GO:0009895 negative regulation of catabolic process "," http://amigo.geneontology.org/amigo/term/GO:0009895"," NRDE2  ZCCHC17  RPL23  RPS7  THRAP3  MAP1A"
0.166176357429559,3,92,6.26991231275119,"GO:0072384 organelle transport along microtubule "," http://amigo.geneontology.org/amigo/term/GO:0072384"," AP3D1  RASGRP1  AP3S1"
0.179060445314695,3,95,6.0719150818222,"GO:0006405 RNA export from nucleus "," http://amigo.geneontology.org/amigo/term/GO:0006405"," CPSF6  NRDE2  UPF2"
0.179060445314695,2,34,11.3104300543747,"GO:0090162 establishment of epithelial cell polarity "," http://amigo.geneontology.org/amigo/term/GO:0090162"," FRMD4A  CYTH1"
0.181551067457666,11,986,2.14508156203658,"GO:0007017 microtubule-based process "," http://amigo.geneontology.org/amigo/term/GO:0007017"," AP3D1  DYNC2I2  DYNC2I1  MAP1A  DCLK2  NAT10  DCLK1  RASGRP1  AP3S1  RPS3  SON"
0.183488455879733,4,178,4.32083844773865,"GO:0090501 RNA phosphodiester bond hydrolysis "," http://amigo.geneontology.org/amigo/term/GO:0090501"," CPSF6  ABT1  POP4  DIS3L2"
0.186746924531289,18,1994,1.73570290704045,"GO:0016310 phosphorylation "," http://amigo.geneontology.org/amigo/term/GO:0016310"," ULK2  MAST3  MAST1  PRPF4B  DGKB  MINK1  TAOK2  DGKI  CDK11B  MAP4K3  GTPBP4  RASGRP1  RIOK1  DCLK1  GKAP1  DCLK2  CACTIN  RPS3"
0.186746924531289,4,180,4.27282913165266,"GO:0021953 central nervous system neuron differentiation "," http://amigo.geneontology.org/amigo/term/GO:0021953"," DCLK1  ABT1  DCLK2  CHD5"
0.186746924531289,3,98,5.88604013033785,"GO:0032508 DNA duplex unwinding "," http://amigo.geneontology.org/amigo/term/GO:0032508"," CHD4  CHD5  ERCC3"
0.186746924531289,1,3,64.0924369747899,"GO:0034462 small-subunit processome assembly "," http://amigo.geneontology.org/amigo/term/GO:0034462"," ABT1"
0.186746924531289,1,3,64.0924369747899,"GO:0150018 basal dendrite development "," http://amigo.geneontology.org/amigo/term/GO:0150018"," TAOK2"
0.186746924531289,1,3,64.0924369747899,"GO:0150019 basal dendrite morphogenesis "," http://amigo.geneontology.org/amigo/term/GO:0150019"," TAOK2"
0.186746924531289,1,3,64.0924369747899,"GO:0150020 basal dendrite arborization "," http://amigo.geneontology.org/amigo/term/GO:0150020"," TAOK2"
0.186746924531289,1,3,64.0924369747899,"GO:1990074 polyuridylation-dependent mRNA catabolic process "," http://amigo.geneontology.org/amigo/term/GO:1990074"," DIS3L2"
0.186746924531289,1,3,64.0924369747899,"GO:1990120 messenger ribonucleoprotein complex assembly "," http://amigo.geneontology.org/amigo/term/GO:1990120"," CPSF6"
0.186746924531289,1,3,64.0924369747899,"GO:2001272 positive regulation of cysteine-type endopeptidase activity involved in execution phase of apoptosis "," http://amigo.geneontology.org/amigo/term/GO:2001272"," RPS3"
0.18939260480105,2,37,10.393368158074,"GO:0035459 vesicle cargo loading "," http://amigo.geneontology.org/amigo/term/GO:0035459"," AP3D1  AP3S1"
0.193024546823944,5,283,3.39712563470618,"GO:0090305 nucleic acid phosphodiester bond hydrolysis "," http://amigo.geneontology.org/amigo/term/GO:0090305"," CPSF6  ABT1  ERCC3  POP4  DIS3L2"
0.194309575326983,7,505,2.66523005241701,"GO:0046700 heterocycle catabolic process "," http://amigo.geneontology.org/amigo/term/GO:0046700"," NRDE2  ZCCHC17  DIS3L2  UPF2  THRAP3  ZC3H4  WDR82"
0.194748232850762,2,38,10.1198584697037,"GO:0032205 negative regulation of telomere maintenance "," http://amigo.geneontology.org/amigo/term/GO:0032205"," GNL3L  NAT10"
0.195549351662134,2,39,9.86037491919845,"GO:0000154 rRNA modification "," http://amigo.geneontology.org/amigo/term/GO:0000154"," FTSJ3  NAT10"
0.195549351662134,4,191,4.02674996700251,"GO:0007254 JNK cascade "," http://amigo.geneontology.org/amigo/term/GO:0007254"," TAOK2  MINK1  RASGRP1  MAP4K3"
0.195549351662134,3,104,5.54646089204913,"GO:0032392 DNA geometric change "," http://amigo.geneontology.org/amigo/term/GO:0032392"," CHD4  CHD5  ERCC3"
0.195549351662134,2,39,9.86037491919845,"GO:0032438 melanosome organization "," http://amigo.geneontology.org/amigo/term/GO:0032438"," AP3D1  AP3S1"
0.195549351662134,7,512,2.62879136029412,"GO:0044270 cellular nitrogen compound catabolic process "," http://amigo.geneontology.org/amigo/term/GO:0044270"," NRDE2  ZCCHC17  DIS3L2  UPF2  THRAP3  ZC3H4  WDR82"
0.195549351662134,3,105,5.49363745498199,"GO:0046330 positive regulation of JNK cascade "," http://amigo.geneontology.org/amigo/term/GO:0046330"," TAOK2  MINK1  RASGRP1"
0.195549351662134,2,39,9.86037491919845,"GO:0048821 erythrocyte development "," http://amigo.geneontology.org/amigo/term/GO:0048821"," RPS6  LYAR"
0.195549351662134,4,189,4.06936107776444,"GO:0072331 signal transduction by p53 class mediator "," http://amigo.geneontology.org/amigo/term/GO:0072331"," RPS20  RPL23  RPS7  CHD5"
